-- MySQL dump 10.13  Distrib 8.0.41, for Win64 (x86_64)
--
-- Host: localhost    Database: finances
-- ------------------------------------------------------
-- Server version	8.0.41

/*!40101 SET @OLD_CHARACTER_SET_CLIENT=@@CHARACTER_SET_CLIENT */;
/*!40101 SET @OLD_CHARACTER_SET_RESULTS=@@CHARACTER_SET_RESULTS */;
/*!40101 SET @OLD_COLLATION_CONNECTION=@@COLLATION_CONNECTION */;
/*!50503 SET NAMES utf8 */;
/*!40103 SET @OLD_TIME_ZONE=@@TIME_ZONE */;
/*!40103 SET TIME_ZONE='+00:00' */;
/*!40014 SET @OLD_UNIQUE_CHECKS=@@UNIQUE_CHECKS, UNIQUE_CHECKS=0 */;
/*!40014 SET @OLD_FOREIGN_KEY_CHECKS=@@FOREIGN_KEY_CHECKS, FOREIGN_KEY_CHECKS=0 */;
/*!40101 SET @OLD_SQL_MODE=@@SQL_MODE, SQL_MODE='NO_AUTO_VALUE_ON_ZERO' */;
/*!40111 SET @OLD_SQL_NOTES=@@SQL_NOTES, SQL_NOTES=0 */;

--
-- Table structure for table `account_transactions`
--

DROP TABLE IF EXISTS `account_transactions`;
/*!40101 SET @saved_cs_client     = @@character_set_client */;
/*!50503 SET character_set_client = utf8mb4 */;
CREATE TABLE `account_transactions` (
  `transaction_id` bigint NOT NULL AUTO_INCREMENT,
  `account_id` bigint DEFAULT NULL,
  `budget_id` bigint DEFAULT NULL,
  `goal_id` bigint NOT NULL,
  `amount` decimal(10,2) DEFAULT NULL,
  `type` enum('ALLOCATION','DEBIT','CREDIT','WITHDRAWAL') DEFAULT NULL,
  `notes` varchar(255) DEFAULT NULL,
  `created_at` datetime DEFAULT CURRENT_TIMESTAMP,
  PRIMARY KEY (`transaction_id`),
  KEY `account_transactions_ibfk_1` (`account_id`),
  KEY `FKg1nhcb3txop6ymckd24i0yd0q` (`goal_id`),
  KEY `FKb8mbsqm45n19hxcvpbd4o4ge5` (`budget_id`),
  CONSTRAINT `account_transactions_ibfk_1` FOREIGN KEY (`account_id`) REFERENCES `accounts` (`account_id`) ON DELETE CASCADE,
  CONSTRAINT `FKb8mbsqm45n19hxcvpbd4o4ge5` FOREIGN KEY (`budget_id`) REFERENCES `budget` (`budget_id`) ON DELETE CASCADE,
  CONSTRAINT `FKg1nhcb3txop6ymckd24i0yd0q` FOREIGN KEY (`goal_id`) REFERENCES `saving_goals` (`goal_id`) ON DELETE CASCADE
) ENGINE=InnoDB AUTO_INCREMENT=40 DEFAULT CHARSET=utf8mb4 COLLATE=utf8mb4_0900_ai_ci;
/*!40101 SET character_set_client = @saved_cs_client */;

--
-- Dumping data for table `account_transactions`
--

LOCK TABLES `account_transactions` WRITE;
/*!40000 ALTER TABLE `account_transactions` DISABLE KEYS */;
INSERT INTO `account_transactions` VALUES (1,1,1,1,200.00,'ALLOCATION',NULL,'2026-04-16 11:51:09'),(2,1,1,2,200.00,'ALLOCATION',NULL,'2026-04-16 11:51:09'),(3,1,1,3,1184.00,'ALLOCATION',NULL,'2026-04-16 11:51:09'),(4,1,2,1,200.00,'ALLOCATION',NULL,'2026-04-16 11:54:36'),(5,1,2,2,85.00,'ALLOCATION',NULL,'2026-04-16 11:54:36'),(6,1,2,3,500.00,'ALLOCATION',NULL,'2026-04-16 11:54:36'),(7,1,3,1,100.00,'ALLOCATION',NULL,'2026-04-16 11:58:59'),(8,1,3,2,97.00,'ALLOCATION',NULL,'2026-04-16 11:58:59'),(9,1,3,3,1500.00,'ALLOCATION',NULL,'2026-04-16 11:58:59'),(10,1,4,1,250.00,'ALLOCATION',NULL,'2026-04-16 12:06:33'),(11,1,4,2,250.00,'ALLOCATION',NULL,'2026-04-16 12:06:33'),(12,1,4,3,2759.00,'ALLOCATION',NULL,'2026-04-16 12:06:33'),(13,1,5,1,200.00,'ALLOCATION',NULL,'2026-04-16 12:10:55'),(14,1,5,2,200.00,'ALLOCATION',NULL,'2026-04-16 12:10:55'),(15,1,5,3,2061.00,'ALLOCATION',NULL,'2026-04-16 12:10:55'),(16,1,6,1,200.00,'ALLOCATION',NULL,'2026-04-16 12:16:31'),(17,1,6,2,200.00,'ALLOCATION',NULL,'2026-04-16 12:16:31'),(18,1,6,3,1700.00,'ALLOCATION',NULL,'2026-04-16 12:16:31'),(19,1,7,1,200.00,'ALLOCATION',NULL,'2026-04-16 12:33:58'),(20,1,7,2,200.00,'ALLOCATION',NULL,'2026-04-16 12:33:58'),(21,1,7,3,1222.80,'ALLOCATION',NULL,'2026-04-16 12:33:58'),(22,1,8,1,200.00,'ALLOCATION',NULL,'2026-04-16 12:34:23'),(23,1,8,2,200.00,'ALLOCATION',NULL,'2026-04-16 12:34:23'),(24,1,8,3,1820.00,'ALLOCATION',NULL,'2026-04-16 12:34:23'),(25,1,9,1,200.00,'ALLOCATION',NULL,'2026-04-16 12:38:06'),(26,1,9,2,200.00,'ALLOCATION',NULL,'2026-04-16 12:38:06'),(27,1,9,3,2366.00,'ALLOCATION',NULL,'2026-04-16 12:38:06'),(28,1,10,1,200.00,'ALLOCATION',NULL,'2026-04-16 12:41:23'),(29,1,10,2,200.00,'ALLOCATION',NULL,'2026-04-16 12:41:23'),(30,1,10,3,2276.00,'ALLOCATION',NULL,'2026-04-16 12:41:23'),(31,1,11,1,200.00,'ALLOCATION',NULL,'2026-04-16 12:43:28'),(32,1,11,2,200.00,'ALLOCATION',NULL,'2026-04-16 12:43:28'),(33,1,11,3,3095.00,'ALLOCATION',NULL,'2026-04-16 12:43:28'),(34,1,12,1,200.00,'ALLOCATION',NULL,'2026-04-16 12:46:41'),(35,1,12,2,200.00,'ALLOCATION',NULL,'2026-04-16 12:46:41'),(36,1,12,3,1468.00,'ALLOCATION',NULL,'2026-04-16 12:46:41'),(37,NULL,NULL,1,2350.00,'WITHDRAWAL','Newcastle Vacation','2025-04-16 14:24:35'),(38,NULL,NULL,2,2232.00,'WITHDRAWAL','Flight ticket booking for India ','2025-10-16 15:26:51'),(39,NULL,NULL,3,14951.00,'WITHDRAWAL','Land Registration','2025-11-20 10:12:22');
/*!40000 ALTER TABLE `account_transactions` ENABLE KEYS */;
UNLOCK TABLES;

--
-- Table structure for table `accounts`
--

DROP TABLE IF EXISTS `accounts`;
/*!40101 SET @saved_cs_client     = @@character_set_client */;
/*!50503 SET character_set_client = utf8mb4 */;
CREATE TABLE `accounts` (
  `account_id` bigint NOT NULL AUTO_INCREMENT,
  `account_name` varchar(255) NOT NULL,
  `account_type` varchar(255) NOT NULL,
  `current_balance` decimal(10,2) NOT NULL DEFAULT '0.00',
  `card_color` varchar(255) DEFAULT NULL,
  `created_at` datetime DEFAULT CURRENT_TIMESTAMP,
  `updated_at` datetime DEFAULT CURRENT_TIMESTAMP,
  PRIMARY KEY (`account_id`),
  UNIQUE KEY `account_name_UNIQUE` (`account_name`)
) ENGINE=InnoDB AUTO_INCREMENT=5 DEFAULT CHARSET=utf8mb4 COLLATE=utf8mb4_0900_ai_ci;
/*!40101 SET character_set_client = @saved_cs_client */;

--
-- Dumping data for table `accounts`
--

LOCK TABLES `accounts` WRITE;
/*!40000 ALTER TABLE `accounts` DISABLE KEYS */;
INSERT INTO `accounts` VALUES (1,'J\'s Account','Primary',0.00,'#00818f','2026-04-16 10:40:25','2026-04-16 12:46:14'),(2,'J\'s Savers','Savings',2500.00,'#6e0a8a','2026-04-16 10:47:55','2026-04-16 10:47:55'),(3,'G\'s Account','Primary',2000.00,'#993d6a','2026-04-16 10:48:38','2026-04-16 10:48:38'),(4,'G\'s Savers','Savings',7000.80,'#628a0a','2026-04-16 10:48:55','2026-04-16 10:48:55');
/*!40000 ALTER TABLE `accounts` ENABLE KEYS */;
UNLOCK TABLES;

--
-- Table structure for table `budget`
--

DROP TABLE IF EXISTS `budget`;
/*!40101 SET @saved_cs_client     = @@character_set_client */;
/*!50503 SET character_set_client = utf8mb4 */;
CREATE TABLE `budget` (
  `budget_id` bigint NOT NULL AUTO_INCREMENT,
  `month` varchar(255) NOT NULL,
  `year` int NOT NULL,
  `account_id` bigint NOT NULL,
  `total_actual_income` decimal(10,2) DEFAULT '0.00',
  `total_actual_expense` decimal(10,2) DEFAULT '0.00',
  `total_planned_income` decimal(10,2) DEFAULT '0.00',
  `total_planned_expense` decimal(10,2) DEFAULT '0.00',
  `planned_savings` decimal(10,2) DEFAULT '0.00',
  `actual_savings` decimal(10,2) DEFAULT '0.00',
  `created_at` datetime NOT NULL DEFAULT CURRENT_TIMESTAMP,
  `updated_at` datetime DEFAULT CURRENT_TIMESTAMP,
  PRIMARY KEY (`budget_id`),
  UNIQUE KEY `unique_month_year` (`month`,`year`,`account_id`),
  UNIQUE KEY `UKcmirkpbq3rdpibfhmeqi7ouuq` (`month`,`year`),
  KEY `budget_fk1_idx` (`account_id`),
  CONSTRAINT `budget_fk1` FOREIGN KEY (`account_id`) REFERENCES `accounts` (`account_id`)
) ENGINE=InnoDB AUTO_INCREMENT=13 DEFAULT CHARSET=utf8mb4 COLLATE=utf8mb4_0900_ai_ci;
/*!40101 SET character_set_client = @saved_cs_client */;

--
-- Dumping data for table `budget`
--

LOCK TABLES `budget` WRITE;
/*!40000 ALTER TABLE `budget` DISABLE KEYS */;
INSERT INTO `budget` VALUES (1,'January',2025,1,6933.00,5349.00,6933.00,4220.00,2713.00,1584.00,'2026-04-16 11:50:23','2026-04-16 11:50:23'),(2,'February',2025,1,7356.00,6571.00,6933.00,4660.00,2273.00,785.00,'2026-04-16 11:54:15','2026-04-16 11:54:15'),(3,'March',2025,1,6494.00,4797.00,6933.00,4300.00,2633.00,1697.00,'2026-04-16 11:58:31','2026-04-16 11:58:31'),(4,'April',2025,1,6933.00,3674.00,6933.00,4350.00,2583.00,3259.00,'2026-04-16 12:05:52','2026-04-16 12:05:52'),(5,'May',2025,1,6933.00,4472.00,6933.00,4970.00,1963.00,2461.00,'2026-04-16 12:09:22','2026-04-16 12:09:22'),(6,'June',2025,1,6933.00,4833.00,6933.00,4655.00,2278.00,2100.00,'2026-04-16 12:15:51','2026-04-16 12:15:51'),(7,'July',2025,1,6933.00,5310.20,6933.00,5235.00,1698.00,1622.80,'2026-04-16 12:28:45','2026-04-16 12:28:45'),(8,'August',2025,1,6933.00,4713.00,6933.00,4683.00,2250.00,2220.00,'2026-04-16 12:32:04','2026-04-16 12:32:04'),(9,'September',2025,1,6933.00,4167.00,6933.00,4753.00,2180.00,2766.00,'2026-04-16 12:37:36','2026-04-16 12:37:36'),(10,'October',2025,1,6945.00,4269.00,6933.00,5153.00,1780.00,2676.00,'2026-04-16 12:41:03','2026-04-16 12:41:03'),(11,'November',2025,1,6933.00,3438.00,6933.00,4183.00,2750.00,3495.00,'2026-04-16 12:43:05','2026-04-16 12:43:05'),(12,'December',2025,1,6945.00,5077.00,6933.00,4283.00,2650.00,1868.00,'2026-04-16 12:46:14','2026-04-16 12:46:14');
/*!40000 ALTER TABLE `budget` ENABLE KEYS */;
UNLOCK TABLES;

--
-- Table structure for table `expense_categories`
--

DROP TABLE IF EXISTS `expense_categories`;
/*!40101 SET @saved_cs_client     = @@character_set_client */;
/*!50503 SET character_set_client = utf8mb4 */;
CREATE TABLE `expense_categories` (
  `category_id` bigint NOT NULL AUTO_INCREMENT,
  `category_name` varchar(255) NOT NULL,
  `created_at` datetime NOT NULL DEFAULT CURRENT_TIMESTAMP,
  `updated_at` datetime DEFAULT CURRENT_TIMESTAMP,
  PRIMARY KEY (`category_id`),
  UNIQUE KEY `category_name_UNIQUE` (`category_name`)
) ENGINE=InnoDB AUTO_INCREMENT=9 DEFAULT CHARSET=utf8mb4 COLLATE=utf8mb4_0900_ai_ci;
/*!40101 SET character_set_client = @saved_cs_client */;

--
-- Dumping data for table `expense_categories`
--

LOCK TABLES `expense_categories` WRITE;
/*!40000 ALTER TABLE `expense_categories` DISABLE KEYS */;
INSERT INTO `expense_categories` VALUES (1,'Home','2026-04-16 10:55:11','2026-04-16 10:55:11'),(2,'Food','2026-04-16 10:55:16','2026-04-16 10:55:16'),(3,'Shopping','2026-04-16 10:57:25','2026-04-16 10:57:25'),(4,'Entertainment','2026-04-16 10:57:35','2026-04-16 10:57:35'),(5,'Medical','2026-04-16 10:57:46','2026-04-16 10:57:46'),(6,'Transportation','2026-04-16 10:58:31','2026-04-16 10:58:31'),(7,'Subscription','2026-04-16 10:58:56','2026-04-16 10:58:56'),(8,'Others','2026-04-16 10:59:10','2026-04-16 10:59:10');
/*!40000 ALTER TABLE `expense_categories` ENABLE KEYS */;
UNLOCK TABLES;

--
-- Table structure for table `expense_items`
--

DROP TABLE IF EXISTS `expense_items`;
/*!40101 SET @saved_cs_client     = @@character_set_client */;
/*!50503 SET character_set_client = utf8mb4 */;
CREATE TABLE `expense_items` (
  `expense_id` bigint NOT NULL AUTO_INCREMENT,
  `expense_name` varchar(255) NOT NULL,
  `category_id` bigint NOT NULL,
  `created_at` datetime NOT NULL DEFAULT CURRENT_TIMESTAMP,
  `updated_at` datetime DEFAULT CURRENT_TIMESTAMP,
  PRIMARY KEY (`expense_id`),
  UNIQUE KEY `expense_name_UNIQUE` (`expense_name`),
  KEY `fk1_idx` (`expense_id`),
  KEY `fk1` (`category_id`),
  CONSTRAINT `fk1` FOREIGN KEY (`category_id`) REFERENCES `expense_categories` (`category_id`) ON DELETE CASCADE
) ENGINE=InnoDB AUTO_INCREMENT=24 DEFAULT CHARSET=utf8mb4 COLLATE=utf8mb4_0900_ai_ci;
/*!40101 SET character_set_client = @saved_cs_client */;

--
-- Dumping data for table `expense_items`
--

LOCK TABLES `expense_items` WRITE;
/*!40000 ALTER TABLE `expense_items` DISABLE KEYS */;
INSERT INTO `expense_items` VALUES (1,'Rent',1,'2026-04-16 11:00:43','2026-04-16 11:00:43'),(2,'Utilities',1,'2026-04-16 11:00:55','2026-04-16 11:00:55'),(3,'Wi-Fi',1,'2026-04-16 11:01:03','2026-04-16 11:01:03'),(4,'Groceries',2,'2026-04-16 11:01:19','2026-04-16 11:01:19'),(5,'Woolies',2,'2026-04-16 11:01:27','2026-04-16 11:01:27'),(6,'Non-Veg',2,'2026-04-16 11:01:39','2026-04-16 11:01:39'),(7,'Cash',2,'2026-04-16 11:01:52','2026-04-16 11:01:52'),(8,'Clothing',3,'2026-04-16 11:02:06','2026-04-16 11:02:06'),(9,'Electronics',3,'2026-04-16 11:02:19','2026-04-16 11:02:19'),(10,'Home Goods',3,'2026-04-16 11:02:33','2026-04-16 11:02:33'),(11,'Gifts & Toys',3,'2026-04-16 11:03:34','2026-04-16 11:03:34'),(12,'Personal Care',3,'2026-04-16 11:03:48','2026-04-16 11:03:48'),(13,'Movies',4,'2026-04-16 11:04:11','2026-04-16 11:04:11'),(14,'Outing',4,'2026-04-16 11:04:20','2026-04-16 11:04:20'),(15,'Hobbies',4,'2026-04-16 11:04:31','2026-04-16 11:04:31'),(16,'Eating Out',4,'2026-04-16 11:04:53','2026-04-16 11:04:53'),(17,'Doctor Visits',5,'2026-04-16 11:05:17','2026-04-16 11:05:17'),(18,'Medications',5,'2026-04-16 11:05:27','2026-04-16 11:05:27'),(19,'Public Transport',6,'2026-04-16 11:05:54','2026-04-16 11:05:54'),(20,'Uber',6,'2026-04-16 11:06:02','2026-04-16 11:06:02'),(21,'Mobile Recharge',7,'2026-04-16 11:06:15','2026-04-16 11:06:15'),(22,'Subscriptions',7,'2026-04-16 11:06:31','2026-04-16 11:06:31'),(23,'Miscellaneous',8,'2026-04-16 11:06:45','2026-04-16 11:06:45');
/*!40000 ALTER TABLE `expense_items` ENABLE KEYS */;
UNLOCK TABLES;

--
-- Table structure for table `external_transfers`
--

DROP TABLE IF EXISTS `external_transfers`;
/*!40101 SET @saved_cs_client     = @@character_set_client */;
/*!50503 SET character_set_client = utf8mb4 */;
CREATE TABLE `external_transfers` (
  `transfer_id` bigint NOT NULL AUTO_INCREMENT,
  `goal_id` bigint NOT NULL,
  `budget_id` bigint DEFAULT NULL,
  `amount` decimal(38,2) DEFAULT NULL,
  `country` varchar(255) DEFAULT NULL,
  `notes` varchar(255) DEFAULT NULL,
  `created_at` datetime DEFAULT CURRENT_TIMESTAMP,
  PRIMARY KEY (`transfer_id`),
  KEY `external_transfers_ibfk_1` (`goal_id`),
  KEY `external_transfers_ibfk_2` (`budget_id`),
  CONSTRAINT `external_transfers_ibfk_1` FOREIGN KEY (`goal_id`) REFERENCES `saving_goals` (`goal_id`) ON DELETE CASCADE,
  CONSTRAINT `external_transfers_ibfk_2` FOREIGN KEY (`budget_id`) REFERENCES `budget` (`budget_id`) ON DELETE CASCADE
) ENGINE=InnoDB DEFAULT CHARSET=utf8mb4 COLLATE=utf8mb4_0900_ai_ci;
/*!40101 SET character_set_client = @saved_cs_client */;

--
-- Dumping data for table `external_transfers`
--

LOCK TABLES `external_transfers` WRITE;
/*!40000 ALTER TABLE `external_transfers` DISABLE KEYS */;
/*!40000 ALTER TABLE `external_transfers` ENABLE KEYS */;
UNLOCK TABLES;

--
-- Table structure for table `income_items`
--

DROP TABLE IF EXISTS `income_items`;
/*!40101 SET @saved_cs_client     = @@character_set_client */;
/*!50503 SET character_set_client = utf8mb4 */;
CREATE TABLE `income_items` (
  `income_id` bigint NOT NULL AUTO_INCREMENT,
  `income_name` varchar(255) NOT NULL,
  `created_at` datetime NOT NULL DEFAULT CURRENT_TIMESTAMP,
  `updated_at` datetime DEFAULT CURRENT_TIMESTAMP,
  PRIMARY KEY (`income_id`),
  UNIQUE KEY `income_name_UNIQUE` (`income_name`)
) ENGINE=InnoDB AUTO_INCREMENT=3 DEFAULT CHARSET=utf8mb4 COLLATE=utf8mb4_0900_ai_ci;
/*!40101 SET character_set_client = @saved_cs_client */;

--
-- Dumping data for table `income_items`
--

LOCK TABLES `income_items` WRITE;
/*!40000 ALTER TABLE `income_items` DISABLE KEYS */;
INSERT INTO `income_items` VALUES (1,'Salary','2026-04-16 11:00:27','2026-04-16 11:00:27'),(2,'Others','2026-04-16 11:00:34','2026-04-16 11:00:34');
/*!40000 ALTER TABLE `income_items` ENABLE KEYS */;
UNLOCK TABLES;

--
-- Table structure for table `monthly_expense`
--

DROP TABLE IF EXISTS `monthly_expense`;
/*!40101 SET @saved_cs_client     = @@character_set_client */;
/*!50503 SET character_set_client = utf8mb4 */;
CREATE TABLE `monthly_expense` (
  `monthly_expense_id` bigint NOT NULL AUTO_INCREMENT,
  `budget_id` bigint NOT NULL,
  `expense_id` bigint NOT NULL,
  `planned_expense` decimal(10,2) DEFAULT '0.00',
  `actual_expense` decimal(10,2) DEFAULT '0.00',
  `created_at` datetime DEFAULT CURRENT_TIMESTAMP,
  `updated_at` datetime DEFAULT CURRENT_TIMESTAMP,
  PRIMARY KEY (`monthly_expense_id`),
  UNIQUE KEY `budget_id_UNIQUE` (`budget_id`,`expense_id`),
  UNIQUE KEY `UKjpclhn0bmxl93nkdai0xkehrj` (`budget_id`,`expense_id`),
  KEY `fk_2_idx` (`expense_id`),
  CONSTRAINT `ex_fk_1` FOREIGN KEY (`budget_id`) REFERENCES `budget` (`budget_id`) ON DELETE CASCADE,
  CONSTRAINT `ex_fk_2` FOREIGN KEY (`expense_id`) REFERENCES `expense_items` (`expense_id`) ON DELETE CASCADE
) ENGINE=InnoDB AUTO_INCREMENT=277 DEFAULT CHARSET=utf8mb4 COLLATE=utf8mb4_0900_ai_ci;
/*!40101 SET character_set_client = @saved_cs_client */;

--
-- Dumping data for table `monthly_expense`
--

LOCK TABLES `monthly_expense` WRITE;
/*!40000 ALTER TABLE `monthly_expense` DISABLE KEYS */;
INSERT INTO `monthly_expense` VALUES (1,1,1,2350.00,2350.00,'2026-04-16 11:50:23','2026-04-16 11:50:23'),(2,1,2,140.00,511.00,'2026-04-16 11:50:23','2026-04-16 11:50:23'),(3,1,3,70.00,70.00,'2026-04-16 11:50:23','2026-04-16 11:50:23'),(4,1,4,300.00,646.00,'2026-04-16 11:50:23','2026-04-16 11:50:23'),(5,1,5,200.00,416.00,'2026-04-16 11:50:23','2026-04-16 11:50:23'),(6,1,6,100.00,46.00,'2026-04-16 11:50:23','2026-04-16 11:50:23'),(7,1,7,0.00,0.00,'2026-04-16 11:50:23','2026-04-16 11:50:23'),(8,1,8,100.00,500.00,'2026-04-16 11:50:23','2026-04-16 11:50:23'),(9,1,9,0.00,0.00,'2026-04-16 11:50:23','2026-04-16 11:50:23'),(10,1,10,50.00,345.00,'2026-04-16 11:50:23','2026-04-16 11:50:23'),(11,1,11,50.00,79.00,'2026-04-16 11:50:23','2026-04-16 11:50:23'),(12,1,12,0.00,0.00,'2026-04-16 11:50:23','2026-04-16 11:50:23'),(13,1,13,0.00,0.00,'2026-04-16 11:50:23','2026-04-16 11:50:23'),(14,1,14,100.00,0.00,'2026-04-16 11:50:23','2026-04-16 11:50:23'),(15,1,15,0.00,0.00,'2026-04-16 11:50:23','2026-04-16 11:50:23'),(16,1,16,50.00,5.00,'2026-04-16 11:50:23','2026-04-16 11:50:23'),(17,1,17,90.00,80.00,'2026-04-16 11:50:23','2026-04-16 11:50:23'),(18,1,18,320.00,11.00,'2026-04-16 11:50:23','2026-04-16 11:50:23'),(19,1,19,200.00,240.00,'2026-04-16 11:50:23','2026-04-16 11:50:23'),(20,1,20,0.00,0.00,'2026-04-16 11:50:23','2026-04-16 11:50:23'),(21,1,21,100.00,50.00,'2026-04-16 11:50:23','2026-04-16 11:50:23'),(22,1,22,0.00,0.00,'2026-04-16 11:50:23','2026-04-16 11:50:23'),(23,1,23,0.00,0.00,'2026-04-16 11:50:23','2026-04-16 11:50:23'),(24,2,1,1880.00,1880.00,'2026-04-16 11:54:15','2026-04-16 11:54:15'),(25,2,2,180.00,180.00,'2026-04-16 11:54:15','2026-04-16 11:54:15'),(26,2,3,70.00,70.00,'2026-04-16 11:54:15','2026-04-16 11:54:15'),(27,2,4,700.00,534.00,'2026-04-16 11:54:15','2026-04-16 11:54:15'),(28,2,5,250.00,231.00,'2026-04-16 11:54:15','2026-04-16 11:54:15'),(29,2,6,100.00,53.00,'2026-04-16 11:54:15','2026-04-16 11:54:15'),(30,2,7,0.00,0.00,'2026-04-16 11:54:15','2026-04-16 11:54:15'),(31,2,8,50.00,0.00,'2026-04-16 11:54:15','2026-04-16 11:54:15'),(32,2,9,200.00,167.00,'2026-04-16 11:54:15','2026-04-16 11:54:15'),(33,2,10,200.00,164.00,'2026-04-16 11:54:15','2026-04-16 11:54:15'),(34,2,11,50.00,87.00,'2026-04-16 11:54:15','2026-04-16 11:54:15'),(35,2,12,50.00,0.00,'2026-04-16 11:54:15','2026-04-16 11:54:15'),(36,2,13,0.00,0.00,'2026-04-16 11:54:15','2026-04-16 11:54:15'),(37,2,14,100.00,80.00,'2026-04-16 11:54:15','2026-04-16 11:54:15'),(38,2,15,0.00,0.00,'2026-04-16 11:54:15','2026-04-16 11:54:15'),(39,2,16,100.00,50.00,'2026-04-16 11:54:15','2026-04-16 11:54:15'),(40,2,17,160.00,80.00,'2026-04-16 11:54:15','2026-04-16 11:54:15'),(41,2,18,300.00,35.00,'2026-04-16 11:54:15','2026-04-16 11:54:15'),(42,2,19,240.00,220.00,'2026-04-16 11:54:15','2026-04-16 11:54:15'),(43,2,20,0.00,0.00,'2026-04-16 11:54:15','2026-04-16 11:54:15'),(44,2,21,30.00,30.00,'2026-04-16 11:54:15','2026-04-16 11:54:15'),(45,2,22,0.00,0.00,'2026-04-16 11:54:15','2026-04-16 11:54:15'),(46,2,23,0.00,2710.00,'2026-04-16 11:54:15','2026-04-16 11:54:15'),(47,3,1,1880.00,1880.00,'2026-04-16 11:58:31','2026-04-16 11:58:31'),(48,3,2,180.00,180.00,'2026-04-16 11:58:31','2026-04-16 11:58:31'),(49,3,3,70.00,70.00,'2026-04-16 11:58:31','2026-04-16 11:58:31'),(50,3,4,600.00,386.00,'2026-04-16 11:58:31','2026-04-16 11:58:31'),(51,3,5,250.00,335.00,'2026-04-16 11:58:31','2026-04-16 11:58:31'),(52,3,6,100.00,0.00,'2026-04-16 11:58:31','2026-04-16 11:58:31'),(53,3,7,0.00,0.00,'2026-04-16 11:58:31','2026-04-16 11:58:31'),(54,3,8,100.00,206.00,'2026-04-16 11:58:31','2026-04-16 11:58:31'),(55,3,9,0.00,24.00,'2026-04-16 11:58:31','2026-04-16 11:58:31'),(56,3,10,150.00,456.00,'2026-04-16 11:58:31','2026-04-16 11:58:31'),(57,3,11,50.00,377.00,'2026-04-16 11:58:31','2026-04-16 11:58:31'),(58,3,12,0.00,0.00,'2026-04-16 11:58:31','2026-04-16 11:58:31'),(59,3,13,0.00,0.00,'2026-04-16 11:58:31','2026-04-16 11:58:31'),(60,3,14,400.00,344.00,'2026-04-16 11:58:31','2026-04-16 11:58:31'),(61,3,15,0.00,0.00,'2026-04-16 11:58:31','2026-04-16 11:58:31'),(62,3,16,100.00,103.00,'2026-04-16 11:58:31','2026-04-16 11:58:31'),(63,3,17,100.00,0.00,'2026-04-16 11:58:31','2026-04-16 11:58:31'),(64,3,18,50.00,146.00,'2026-04-16 11:58:31','2026-04-16 11:58:31'),(65,3,19,240.00,260.00,'2026-04-16 11:58:31','2026-04-16 11:58:31'),(66,3,20,0.00,0.00,'2026-04-16 11:58:31','2026-04-16 11:58:31'),(67,3,21,30.00,30.00,'2026-04-16 11:58:31','2026-04-16 11:58:31'),(68,3,22,0.00,0.00,'2026-04-16 11:58:31','2026-04-16 11:58:31'),(69,3,23,0.00,0.00,'2026-04-16 11:58:31','2026-04-16 11:58:31'),(70,4,1,1880.00,1880.00,'2026-04-16 12:05:52','2026-04-16 12:05:52'),(71,4,2,180.00,146.00,'2026-04-16 12:05:52','2026-04-16 12:05:52'),(72,4,3,70.00,70.00,'2026-04-16 12:05:52','2026-04-16 12:05:52'),(73,4,4,600.00,436.00,'2026-04-16 12:05:52','2026-04-16 12:05:52'),(74,4,5,250.00,310.00,'2026-04-16 12:05:52','2026-04-16 12:05:52'),(75,4,6,100.00,58.00,'2026-04-16 12:05:52','2026-04-16 12:05:52'),(76,4,7,300.00,300.00,'2026-04-16 12:05:52','2026-04-16 12:05:52'),(77,4,8,100.00,169.00,'2026-04-16 12:05:52','2026-04-16 12:05:52'),(78,4,9,0.00,0.00,'2026-04-16 12:05:53','2026-04-16 12:05:53'),(79,4,10,100.00,95.00,'2026-04-16 12:05:53','2026-04-16 12:05:53'),(80,4,11,50.00,0.00,'2026-04-16 12:05:53','2026-04-16 12:05:53'),(81,4,12,50.00,0.00,'2026-04-16 12:05:53','2026-04-16 12:05:53'),(82,4,13,0.00,0.00,'2026-04-16 12:05:53','2026-04-16 12:05:53'),(83,4,14,100.00,0.00,'2026-04-16 12:05:53','2026-04-16 12:05:53'),(84,4,15,0.00,0.00,'2026-04-16 12:05:53','2026-04-16 12:05:53'),(85,4,16,100.00,7.00,'2026-04-16 12:05:53','2026-04-16 12:05:53'),(86,4,17,100.00,16.00,'2026-04-16 12:05:53','2026-04-16 12:05:53'),(87,4,18,100.00,17.00,'2026-04-16 12:05:53','2026-04-16 12:05:53'),(88,4,19,240.00,140.00,'2026-04-16 12:05:53','2026-04-16 12:05:53'),(89,4,20,0.00,0.00,'2026-04-16 12:05:53','2026-04-16 12:05:53'),(90,4,21,30.00,30.00,'2026-04-16 12:05:53','2026-04-16 12:05:53'),(91,4,22,0.00,0.00,'2026-04-16 12:05:53','2026-04-16 12:05:53'),(92,4,23,0.00,0.00,'2026-04-16 12:05:53','2026-04-16 12:05:53'),(93,5,1,2350.00,2350.00,'2026-04-16 12:09:22','2026-04-16 12:09:22'),(94,5,2,180.00,180.00,'2026-04-16 12:09:22','2026-04-16 12:09:22'),(95,5,3,70.00,70.00,'2026-04-16 12:09:22','2026-04-16 12:09:22'),(96,5,4,600.00,413.00,'2026-04-16 12:09:22','2026-04-16 12:09:22'),(97,5,5,250.00,190.00,'2026-04-16 12:09:22','2026-04-16 12:09:22'),(98,5,6,100.00,0.00,'2026-04-16 12:09:22','2026-04-16 12:09:22'),(99,5,7,300.00,200.00,'2026-04-16 12:09:22','2026-04-16 12:09:22'),(100,5,8,100.00,73.00,'2026-04-16 12:09:22','2026-04-16 12:09:22'),(101,5,9,0.00,0.00,'2026-04-16 12:09:22','2026-04-16 12:09:22'),(102,5,10,200.00,391.00,'2026-04-16 12:09:22','2026-04-16 12:09:22'),(103,5,11,50.00,152.00,'2026-04-16 12:09:22','2026-04-16 12:09:22'),(104,5,12,50.00,0.00,'2026-04-16 12:09:22','2026-04-16 12:09:22'),(105,5,13,0.00,0.00,'2026-04-16 12:09:22','2026-04-16 12:09:22'),(106,5,14,100.00,0.00,'2026-04-16 12:09:22','2026-04-16 12:09:22'),(107,5,15,50.00,95.00,'2026-04-16 12:09:22','2026-04-16 12:09:22'),(108,5,16,100.00,20.00,'2026-04-16 12:09:22','2026-04-16 12:09:22'),(109,5,17,100.00,0.00,'2026-04-16 12:09:22','2026-04-16 12:09:22'),(110,5,18,100.00,113.00,'2026-04-16 12:09:22','2026-04-16 12:09:22'),(111,5,19,240.00,195.00,'2026-04-16 12:09:22','2026-04-16 12:09:22'),(112,5,20,0.00,0.00,'2026-04-16 12:09:22','2026-04-16 12:09:22'),(113,5,21,30.00,30.00,'2026-04-16 12:09:22','2026-04-16 12:09:22'),(114,5,22,0.00,0.00,'2026-04-16 12:09:22','2026-04-16 12:09:22'),(115,5,23,0.00,0.00,'2026-04-16 12:09:22','2026-04-16 12:09:22'),(116,6,1,1880.00,1880.00,'2026-04-16 12:15:51','2026-04-16 12:15:51'),(117,6,2,180.00,180.00,'2026-04-16 12:15:51','2026-04-16 12:15:51'),(118,6,3,85.00,85.00,'2026-04-16 12:15:51','2026-04-16 12:15:51'),(119,6,4,600.00,532.00,'2026-04-16 12:15:51','2026-04-16 12:15:51'),(120,6,5,300.00,480.00,'2026-04-16 12:15:51','2026-04-16 12:15:51'),(121,6,6,100.00,61.00,'2026-04-16 12:15:51','2026-04-16 12:15:51'),(122,6,7,300.00,400.00,'2026-04-16 12:15:51','2026-04-16 12:15:51'),(123,6,8,0.00,100.00,'2026-04-16 12:15:51','2026-04-16 12:15:51'),(124,6,9,0.00,30.00,'2026-04-16 12:15:51','2026-04-16 12:15:51'),(125,6,10,100.00,224.00,'2026-04-16 12:15:51','2026-04-16 12:15:51'),(126,6,11,100.00,44.00,'2026-04-16 12:15:51','2026-04-16 12:15:51'),(127,6,12,0.00,0.00,'2026-04-16 12:15:51','2026-04-16 12:15:51'),(128,6,13,50.00,0.00,'2026-04-16 12:15:51','2026-04-16 12:15:51'),(129,6,14,200.00,212.00,'2026-04-16 12:15:51','2026-04-16 12:15:51'),(130,6,15,100.00,0.00,'2026-04-16 12:15:51','2026-04-16 12:15:51'),(131,6,16,50.00,11.00,'2026-04-16 12:15:51','2026-04-16 12:15:51'),(132,6,17,90.00,80.00,'2026-04-16 12:15:51','2026-04-16 12:15:51'),(133,6,18,250.00,217.00,'2026-04-16 12:15:51','2026-04-16 12:15:51'),(134,6,19,240.00,168.00,'2026-04-16 12:15:51','2026-04-16 12:15:51'),(135,6,20,0.00,0.00,'2026-04-16 12:15:51','2026-04-16 12:15:51'),(136,6,21,30.00,30.00,'2026-04-16 12:15:51','2026-04-16 12:15:51'),(137,6,22,0.00,0.00,'2026-04-16 12:15:51','2026-04-16 12:15:51'),(138,6,23,0.00,99.00,'2026-04-16 12:15:51','2026-04-16 12:15:51'),(139,7,1,2350.00,2350.00,'2026-04-16 12:28:45','2026-04-16 12:28:45'),(140,7,2,180.00,713.00,'2026-04-16 12:28:45','2026-04-16 12:28:45'),(141,7,3,85.00,85.00,'2026-04-16 12:28:45','2026-04-16 12:28:45'),(142,7,4,600.00,329.20,'2026-04-16 12:28:45','2026-04-16 12:28:45'),(143,7,5,400.00,367.00,'2026-04-16 12:28:45','2026-04-16 12:28:45'),(144,7,6,100.00,0.00,'2026-04-16 12:28:45','2026-04-16 12:28:45'),(145,7,7,200.00,400.00,'2026-04-16 12:28:45','2026-04-16 12:28:45'),(146,7,8,100.00,161.00,'2026-04-16 12:28:45','2026-04-16 12:28:45'),(147,7,9,0.00,99.00,'2026-04-16 12:28:45','2026-04-16 12:28:45'),(148,7,10,200.00,20.00,'2026-04-16 12:28:45','2026-04-16 12:28:45'),(149,7,11,250.00,90.00,'2026-04-16 12:28:45','2026-04-16 12:28:45'),(150,7,12,0.00,0.00,'2026-04-16 12:28:45','2026-04-16 12:28:45'),(151,7,13,0.00,36.00,'2026-04-16 12:28:45','2026-04-16 12:28:45'),(152,7,14,200.00,0.00,'2026-04-16 12:28:45','2026-04-16 12:28:45'),(153,7,15,0.00,0.00,'2026-04-16 12:28:45','2026-04-16 12:28:45'),(154,7,16,50.00,0.00,'2026-04-16 12:28:45','2026-04-16 12:28:45'),(155,7,17,0.00,80.00,'2026-04-16 12:28:45','2026-04-16 12:28:45'),(156,7,18,150.00,66.00,'2026-04-16 12:28:45','2026-04-16 12:28:45'),(157,7,19,240.00,194.00,'2026-04-16 12:28:45','2026-04-16 12:28:45'),(158,7,20,0.00,0.00,'2026-04-16 12:28:45','2026-04-16 12:28:45'),(159,7,21,130.00,160.00,'2026-04-16 12:28:45','2026-04-16 12:28:45'),(160,7,22,0.00,0.00,'2026-04-16 12:28:45','2026-04-16 12:28:45'),(161,7,23,0.00,160.00,'2026-04-16 12:28:45','2026-04-16 12:28:45'),(162,8,1,1880.00,1880.00,'2026-04-16 12:32:04','2026-04-16 12:32:04'),(163,8,2,250.00,250.00,'2026-04-16 12:32:04','2026-04-16 12:32:04'),(164,8,3,93.00,93.00,'2026-04-16 12:32:04','2026-04-16 12:32:04'),(165,8,4,600.00,344.00,'2026-04-16 12:32:04','2026-04-16 12:32:04'),(166,8,5,400.00,247.00,'2026-04-16 12:32:04','2026-04-16 12:32:04'),(167,8,6,100.00,28.00,'2026-04-16 12:32:04','2026-04-16 12:32:04'),(168,8,7,200.00,0.00,'2026-04-16 12:32:04','2026-04-16 12:32:04'),(169,8,8,100.00,100.00,'2026-04-16 12:32:04','2026-04-16 12:32:04'),(170,8,9,100.00,79.00,'2026-04-16 12:32:04','2026-04-16 12:32:04'),(171,8,10,100.00,121.00,'2026-04-16 12:32:04','2026-04-16 12:32:04'),(172,8,11,100.00,79.00,'2026-04-16 12:32:04','2026-04-16 12:32:04'),(173,8,12,50.00,30.00,'2026-04-16 12:32:04','2026-04-16 12:32:04'),(174,8,13,0.00,0.00,'2026-04-16 12:32:04','2026-04-16 12:32:04'),(175,8,14,100.00,50.00,'2026-04-16 12:32:04','2026-04-16 12:32:04'),(176,8,15,0.00,0.00,'2026-04-16 12:32:04','2026-04-16 12:32:04'),(177,8,16,50.00,0.00,'2026-04-16 12:32:04','2026-04-16 12:32:04'),(178,8,17,160.00,0.00,'2026-04-16 12:32:04','2026-04-16 12:32:04'),(179,8,18,100.00,132.00,'2026-04-16 12:32:04','2026-04-16 12:32:04'),(180,8,19,240.00,220.00,'2026-04-16 12:32:04','2026-04-16 12:32:04'),(181,8,20,0.00,0.00,'2026-04-16 12:32:04','2026-04-16 12:32:04'),(182,8,21,60.00,30.00,'2026-04-16 12:32:04','2026-04-16 12:32:04'),(183,8,22,0.00,0.00,'2026-04-16 12:32:04','2026-04-16 12:32:04'),(184,8,23,0.00,1030.00,'2026-04-16 12:32:04','2026-04-16 12:32:04'),(185,9,1,1880.00,1880.00,'2026-04-16 12:37:36','2026-04-16 12:37:36'),(186,9,2,250.00,250.00,'2026-04-16 12:37:36','2026-04-16 12:37:36'),(187,9,3,93.00,93.00,'2026-04-16 12:37:36','2026-04-16 12:37:36'),(188,9,4,600.00,409.00,'2026-04-16 12:37:36','2026-04-16 12:37:36'),(189,9,5,400.00,325.00,'2026-04-16 12:37:36','2026-04-16 12:37:36'),(190,9,6,100.00,0.00,'2026-04-16 12:37:36','2026-04-16 12:37:36'),(191,9,7,200.00,200.00,'2026-04-16 12:37:36','2026-04-16 12:37:36'),(192,9,8,100.00,62.00,'2026-04-16 12:37:36','2026-04-16 12:37:36'),(193,9,9,100.00,0.00,'2026-04-16 12:37:36','2026-04-16 12:37:36'),(194,9,10,100.00,284.00,'2026-04-16 12:37:36','2026-04-16 12:37:36'),(195,9,11,100.00,40.00,'2026-04-16 12:37:36','2026-04-16 12:37:36'),(196,9,12,50.00,21.00,'2026-04-16 12:37:36','2026-04-16 12:37:36'),(197,9,13,0.00,0.00,'2026-04-16 12:37:36','2026-04-16 12:37:36'),(198,9,14,100.00,6.00,'2026-04-16 12:37:36','2026-04-16 12:37:36'),(199,9,15,0.00,22.00,'2026-04-16 12:37:36','2026-04-16 12:37:36'),(200,9,16,50.00,18.00,'2026-04-16 12:37:36','2026-04-16 12:37:36'),(201,9,17,160.00,131.00,'2026-04-16 12:37:36','2026-04-16 12:37:36'),(202,9,18,100.00,201.00,'2026-04-16 12:37:36','2026-04-16 12:37:36'),(203,9,19,240.00,160.00,'2026-04-16 12:37:36','2026-04-16 12:37:36'),(204,9,20,0.00,0.00,'2026-04-16 12:37:36','2026-04-16 12:37:36'),(205,9,21,130.00,65.00,'2026-04-16 12:37:36','2026-04-16 12:37:36'),(206,9,22,0.00,0.00,'2026-04-16 12:37:36','2026-04-16 12:37:36'),(207,9,23,0.00,0.00,'2026-04-16 12:37:36','2026-04-16 12:37:36'),(208,10,1,2350.00,2350.00,'2026-04-16 12:41:03','2026-04-16 12:41:03'),(209,10,2,250.00,55.00,'2026-04-16 12:41:03','2026-04-16 12:41:03'),(210,10,3,93.00,43.00,'2026-04-16 12:41:03','2026-04-16 12:41:03'),(211,10,4,600.00,317.00,'2026-04-16 12:41:03','2026-04-16 12:41:03'),(212,10,5,400.00,348.00,'2026-04-16 12:41:03','2026-04-16 12:41:03'),(213,10,6,100.00,0.00,'2026-04-16 12:41:03','2026-04-16 12:41:03'),(214,10,7,200.00,600.00,'2026-04-16 12:41:03','2026-04-16 12:41:03'),(215,10,8,100.00,0.00,'2026-04-16 12:41:03','2026-04-16 12:41:03'),(216,10,9,100.00,0.00,'2026-04-16 12:41:03','2026-04-16 12:41:03'),(217,10,10,100.00,58.00,'2026-04-16 12:41:03','2026-04-16 12:41:03'),(218,10,11,100.00,151.00,'2026-04-16 12:41:03','2026-04-16 12:41:03'),(219,10,12,50.00,0.00,'2026-04-16 12:41:03','2026-04-16 12:41:03'),(220,10,13,0.00,0.00,'2026-04-16 12:41:03','2026-04-16 12:41:03'),(221,10,14,100.00,0.00,'2026-04-16 12:41:03','2026-04-16 12:41:03'),(222,10,15,0.00,0.00,'2026-04-16 12:41:03','2026-04-16 12:41:03'),(223,10,16,50.00,59.00,'2026-04-16 12:41:03','2026-04-16 12:41:03'),(224,10,17,160.00,0.00,'2026-04-16 12:41:03','2026-04-16 12:41:03'),(225,10,18,100.00,73.00,'2026-04-16 12:41:03','2026-04-16 12:41:03'),(226,10,19,240.00,140.00,'2026-04-16 12:41:03','2026-04-16 12:41:03'),(227,10,20,0.00,0.00,'2026-04-16 12:41:03','2026-04-16 12:41:03'),(228,10,21,60.00,60.00,'2026-04-16 12:41:03','2026-04-16 12:41:03'),(229,10,22,0.00,0.00,'2026-04-16 12:41:03','2026-04-16 12:41:03'),(230,10,23,0.00,15.00,'2026-04-16 12:41:03','2026-04-16 12:41:03'),(231,11,1,1880.00,1880.00,'2026-04-16 12:43:05','2026-04-16 12:43:05'),(232,11,2,200.00,200.00,'2026-04-16 12:43:05','2026-04-16 12:43:05'),(233,11,3,43.00,43.00,'2026-04-16 12:43:05','2026-04-16 12:43:05'),(234,11,4,0.00,0.00,'2026-04-16 12:43:05','2026-04-16 12:43:05'),(235,11,5,0.00,0.00,'2026-04-16 12:43:05','2026-04-16 12:43:05'),(236,11,6,0.00,0.00,'2026-04-16 12:43:05','2026-04-16 12:43:05'),(237,11,7,0.00,0.00,'2026-04-16 12:43:05','2026-04-16 12:43:05'),(238,11,8,0.00,0.00,'2026-04-16 12:43:05','2026-04-16 12:43:05'),(239,11,9,2000.00,1190.00,'2026-04-16 12:43:05','2026-04-16 12:43:05'),(240,11,10,0.00,0.00,'2026-04-16 12:43:05','2026-04-16 12:43:05'),(241,11,11,0.00,0.00,'2026-04-16 12:43:05','2026-04-16 12:43:05'),(242,11,12,0.00,0.00,'2026-04-16 12:43:05','2026-04-16 12:43:05'),(243,11,13,0.00,0.00,'2026-04-16 12:43:05','2026-04-16 12:43:05'),(244,11,14,0.00,0.00,'2026-04-16 12:43:05','2026-04-16 12:43:05'),(245,11,15,0.00,0.00,'2026-04-16 12:43:05','2026-04-16 12:43:05'),(246,11,16,0.00,0.00,'2026-04-16 12:43:05','2026-04-16 12:43:05'),(247,11,17,0.00,0.00,'2026-04-16 12:43:05','2026-04-16 12:43:05'),(248,11,18,0.00,0.00,'2026-04-16 12:43:05','2026-04-16 12:43:05'),(249,11,19,0.00,20.00,'2026-04-16 12:43:05','2026-04-16 12:43:05'),(250,11,20,0.00,0.00,'2026-04-16 12:43:05','2026-04-16 12:43:05'),(251,11,21,60.00,105.00,'2026-04-16 12:43:05','2026-04-16 12:43:05'),(252,11,22,0.00,0.00,'2026-04-16 12:43:05','2026-04-16 12:43:05'),(253,11,23,0.00,0.00,'2026-04-16 12:43:05','2026-04-16 12:43:05'),(254,12,1,1910.00,1910.00,'2026-04-16 12:46:14','2026-04-16 12:46:14'),(255,12,2,180.00,180.00,'2026-04-16 12:46:14','2026-04-16 12:46:14'),(256,12,3,43.00,43.00,'2026-04-16 12:46:14','2026-04-16 12:46:14'),(257,12,4,600.00,383.00,'2026-04-16 12:46:14','2026-04-16 12:46:14'),(258,12,5,400.00,213.00,'2026-04-16 12:46:14','2026-04-16 12:46:14'),(259,12,6,100.00,0.00,'2026-04-16 12:46:14','2026-04-16 12:46:14'),(260,12,7,200.00,0.00,'2026-04-16 12:46:14','2026-04-16 12:46:14'),(261,12,8,50.00,340.00,'2026-04-16 12:46:14','2026-04-16 12:46:14'),(262,12,9,0.00,84.00,'2026-04-16 12:46:14','2026-04-16 12:46:14'),(263,12,10,50.00,247.00,'2026-04-16 12:46:14','2026-04-16 12:46:14'),(264,12,11,50.00,0.00,'2026-04-16 12:46:14','2026-04-16 12:46:14'),(265,12,12,50.00,0.00,'2026-04-16 12:46:14','2026-04-16 12:46:14'),(266,12,13,0.00,0.00,'2026-04-16 12:46:14','2026-04-16 12:46:14'),(267,12,14,200.00,0.00,'2026-04-16 12:46:14','2026-04-16 12:46:14'),(268,12,15,0.00,0.00,'2026-04-16 12:46:14','2026-04-16 12:46:14'),(269,12,16,50.00,176.00,'2026-04-16 12:46:14','2026-04-16 12:46:14'),(270,12,17,0.00,0.00,'2026-04-16 12:46:14','2026-04-16 12:46:14'),(271,12,18,100.00,131.00,'2026-04-16 12:46:14','2026-04-16 12:46:14'),(272,12,19,240.00,130.00,'2026-04-16 12:46:14','2026-04-16 12:46:14'),(273,12,20,0.00,0.00,'2026-04-16 12:46:14','2026-04-16 12:46:14'),(274,12,21,60.00,30.00,'2026-04-16 12:46:14','2026-04-16 12:46:14'),(275,12,22,0.00,0.00,'2026-04-16 12:46:14','2026-04-16 12:46:14'),(276,12,23,0.00,1210.00,'2026-04-16 12:46:14','2026-04-16 12:46:14');
/*!40000 ALTER TABLE `monthly_expense` ENABLE KEYS */;
UNLOCK TABLES;

--
-- Table structure for table `monthly_income`
--

DROP TABLE IF EXISTS `monthly_income`;
/*!40101 SET @saved_cs_client     = @@character_set_client */;
/*!50503 SET character_set_client = utf8mb4 */;
CREATE TABLE `monthly_income` (
  `monthly_income_id` bigint NOT NULL AUTO_INCREMENT,
  `budget_id` bigint NOT NULL,
  `income_id` bigint NOT NULL,
  `planned_income` decimal(10,2) DEFAULT '0.00',
  `actual_income` decimal(10,2) DEFAULT '0.00',
  `created_at` datetime DEFAULT CURRENT_TIMESTAMP,
  `updated_at` datetime DEFAULT CURRENT_TIMESTAMP,
  PRIMARY KEY (`monthly_income_id`),
  UNIQUE KEY `budget_id_UNIQUE` (`budget_id`,`income_id`),
  UNIQUE KEY `UK8ur2jdsf9291oqifc8rh4ykhs` (`budget_id`,`income_id`),
  KEY `fk_2_idx` (`income_id`),
  CONSTRAINT `fk_1` FOREIGN KEY (`budget_id`) REFERENCES `budget` (`budget_id`) ON DELETE CASCADE,
  CONSTRAINT `fk_2` FOREIGN KEY (`income_id`) REFERENCES `income_items` (`income_id`) ON DELETE CASCADE
) ENGINE=InnoDB AUTO_INCREMENT=25 DEFAULT CHARSET=utf8mb4 COLLATE=utf8mb4_0900_ai_ci;
/*!40101 SET character_set_client = @saved_cs_client */;

--
-- Dumping data for table `monthly_income`
--

LOCK TABLES `monthly_income` WRITE;
/*!40000 ALTER TABLE `monthly_income` DISABLE KEYS */;
INSERT INTO `monthly_income` VALUES (1,1,1,6933.00,6933.00,'2026-04-16 11:50:23','2026-04-16 11:50:23'),(2,1,2,0.00,0.00,'2026-04-16 11:50:23','2026-04-16 11:50:23'),(3,2,1,6933.00,7356.00,'2026-04-16 11:54:15','2026-04-16 11:54:15'),(4,2,2,0.00,0.00,'2026-04-16 11:54:15','2026-04-16 11:54:15'),(5,3,1,6933.00,6494.00,'2026-04-16 11:58:31','2026-04-16 11:58:31'),(6,3,2,0.00,0.00,'2026-04-16 11:58:31','2026-04-16 11:58:31'),(7,4,1,6933.00,6933.00,'2026-04-16 12:05:52','2026-04-16 12:05:52'),(8,4,2,0.00,0.00,'2026-04-16 12:05:52','2026-04-16 12:05:52'),(9,5,1,6933.00,6933.00,'2026-04-16 12:09:22','2026-04-16 12:09:22'),(10,5,2,0.00,0.00,'2026-04-16 12:09:22','2026-04-16 12:09:22'),(11,6,1,6933.00,6933.00,'2026-04-16 12:15:51','2026-04-16 12:15:51'),(12,6,2,0.00,0.00,'2026-04-16 12:15:51','2026-04-16 12:15:51'),(13,7,1,6933.00,6933.00,'2026-04-16 12:28:45','2026-04-16 12:28:45'),(14,7,2,0.00,0.00,'2026-04-16 12:28:45','2026-04-16 12:28:45'),(15,8,1,6933.00,6933.00,'2026-04-16 12:32:04','2026-04-16 12:32:04'),(16,8,2,0.00,0.00,'2026-04-16 12:32:04','2026-04-16 12:32:04'),(17,9,1,6933.00,6933.00,'2026-04-16 12:37:36','2026-04-16 12:37:36'),(18,9,2,0.00,0.00,'2026-04-16 12:37:36','2026-04-16 12:37:36'),(19,10,1,6933.00,6945.00,'2026-04-16 12:41:03','2026-04-16 12:41:03'),(20,10,2,0.00,0.00,'2026-04-16 12:41:03','2026-04-16 12:41:03'),(21,11,1,6933.00,6933.00,'2026-04-16 12:43:05','2026-04-16 12:43:05'),(22,11,2,0.00,0.00,'2026-04-16 12:43:05','2026-04-16 12:43:05'),(23,12,1,6933.00,6945.00,'2026-04-16 12:46:14','2026-04-16 12:46:14'),(24,12,2,0.00,0.00,'2026-04-16 12:46:14','2026-04-16 12:46:14');
/*!40000 ALTER TABLE `monthly_income` ENABLE KEYS */;
UNLOCK TABLES;

--
-- Table structure for table `saving_allocation`
--

DROP TABLE IF EXISTS `saving_allocation`;
/*!40101 SET @saved_cs_client     = @@character_set_client */;
/*!50503 SET character_set_client = utf8mb4 */;
CREATE TABLE `saving_allocation` (
  `allocation_id` bigint NOT NULL AUTO_INCREMENT,
  `budget_id` bigint NOT NULL,
  `goal_id` bigint NOT NULL,
  `allocated_amount` decimal(38,2) DEFAULT '0.00',
  `is_external` bit(1) DEFAULT NULL,
  `created_at` datetime DEFAULT CURRENT_TIMESTAMP,
  PRIMARY KEY (`allocation_id`),
  KEY `sa_fk1_idx` (`budget_id`),
  KEY `sa_fk2_idx` (`goal_id`),
  CONSTRAINT `sa_fk1` FOREIGN KEY (`budget_id`) REFERENCES `budget` (`budget_id`) ON DELETE CASCADE,
  CONSTRAINT `sa_fk2` FOREIGN KEY (`goal_id`) REFERENCES `saving_goals` (`goal_id`) ON DELETE CASCADE
) ENGINE=InnoDB AUTO_INCREMENT=37 DEFAULT CHARSET=utf8mb4 COLLATE=utf8mb4_0900_ai_ci;
/*!40101 SET character_set_client = @saved_cs_client */;

--
-- Dumping data for table `saving_allocation`
--

LOCK TABLES `saving_allocation` WRITE;
/*!40000 ALTER TABLE `saving_allocation` DISABLE KEYS */;
INSERT INTO `saving_allocation` VALUES (1,1,1,200.00,_binary '\0','2026-04-16 11:51:09'),(2,1,2,200.00,_binary '\0','2026-04-16 11:51:09'),(3,1,3,1184.00,_binary '\0','2026-04-16 11:51:09'),(4,2,1,200.00,_binary '\0','2026-04-16 11:54:36'),(5,2,2,85.00,_binary '\0','2026-04-16 11:54:36'),(6,2,3,500.00,_binary '\0','2026-04-16 11:54:36'),(7,3,1,100.00,_binary '\0','2026-04-16 11:58:59'),(8,3,2,97.00,_binary '\0','2026-04-16 11:58:59'),(9,3,3,1500.00,_binary '\0','2026-04-16 11:58:59'),(10,4,1,250.00,_binary '\0','2026-04-16 12:06:33'),(11,4,2,250.00,_binary '\0','2026-04-16 12:06:33'),(12,4,3,2759.00,_binary '\0','2026-04-16 12:06:33'),(13,5,1,200.00,_binary '\0','2026-04-16 12:10:55'),(14,5,2,200.00,_binary '\0','2026-04-16 12:10:55'),(15,5,3,2061.00,_binary '\0','2026-04-16 12:10:55'),(16,6,1,200.00,_binary '\0','2026-04-16 12:16:31'),(17,6,2,200.00,_binary '\0','2026-04-16 12:16:31'),(18,6,3,1700.00,_binary '\0','2026-04-16 12:16:31'),(19,7,1,200.00,_binary '\0','2026-04-16 12:33:58'),(20,7,2,200.00,_binary '\0','2026-04-16 12:33:58'),(21,7,3,1222.80,_binary '\0','2026-04-16 12:33:58'),(22,8,1,200.00,_binary '\0','2026-04-16 12:34:23'),(23,8,2,200.00,_binary '\0','2026-04-16 12:34:23'),(24,8,3,1820.00,_binary '\0','2026-04-16 12:34:23'),(25,9,1,200.00,_binary '\0','2026-04-16 12:38:06'),(26,9,2,200.00,_binary '\0','2026-04-16 12:38:06'),(27,9,3,2366.00,_binary '\0','2026-04-16 12:38:06'),(28,10,1,200.00,_binary '\0','2026-04-16 12:41:23'),(29,10,2,200.00,_binary '\0','2026-04-16 12:41:23'),(30,10,3,2276.00,_binary '\0','2026-04-16 12:41:23'),(31,11,1,200.00,_binary '\0','2026-04-16 12:43:28'),(32,11,2,200.00,_binary '\0','2026-04-16 12:43:28'),(33,11,3,3095.00,_binary '\0','2026-04-16 12:43:28'),(34,12,1,200.00,_binary '\0','2026-04-16 12:46:41'),(35,12,2,200.00,_binary '\0','2026-04-16 12:46:41'),(36,12,3,1468.00,_binary '\0','2026-04-16 12:46:41');
/*!40000 ALTER TABLE `saving_allocation` ENABLE KEYS */;
UNLOCK TABLES;

--
-- Table structure for table `saving_goals`
--

DROP TABLE IF EXISTS `saving_goals`;
/*!40101 SET @saved_cs_client     = @@character_set_client */;
/*!50503 SET character_set_client = utf8mb4 */;
CREATE TABLE `saving_goals` (
  `goal_id` bigint NOT NULL AUTO_INCREMENT,
  `goal_name` varchar(255) NOT NULL,
  `account_id` bigint DEFAULT NULL,
  `target_amount` decimal(38,2) DEFAULT NULL,
  `saved_amount` decimal(38,2) DEFAULT '0.00',
  `is_external` tinyint(1) DEFAULT '0',
  `created_at` datetime DEFAULT CURRENT_TIMESTAMP,
  `updated_at` datetime DEFAULT CURRENT_TIMESTAMP,
  PRIMARY KEY (`goal_id`),
  UNIQUE KEY `goal_name_UNIQUE` (`goal_name`),
  KEY `account_id` (`account_id`),
  CONSTRAINT `saving_goals_ibfk_1` FOREIGN KEY (`account_id`) REFERENCES `accounts` (`account_id`)
) ENGINE=InnoDB AUTO_INCREMENT=7 DEFAULT CHARSET=utf8mb4 COLLATE=utf8mb4_0900_ai_ci;
/*!40101 SET character_set_client = @saved_cs_client */;

--
-- Dumping data for table `saving_goals`
--

LOCK TABLES `saving_goals` WRITE;
/*!40000 ALTER TABLE `saving_goals` DISABLE KEYS */;
INSERT INTO `saving_goals` VALUES (1,'Vacation',2,3000.00,0.00,0,'2026-04-16 10:49:32','2026-04-16 14:24:35'),(2,'Flight Ticket',2,3000.00,0.00,0,'2026-04-16 10:49:49','2026-04-16 14:26:51'),(3,'Buying Home',4,30000.00,7000.80,0,'2026-04-16 10:51:11','2026-04-16 15:22:22'),(4,'Emergency Fund',2,2500.00,2500.00,0,'2026-04-16 10:55:54','2026-04-16 10:55:54'),(5,'Loan',NULL,10500.00,0.00,1,'2026-04-16 14:31:22','2026-04-16 14:31:22'),(6,'Cash Savings',4,30000.00,0.00,0,'2026-04-16 15:25:54','2026-04-16 15:25:54');
/*!40000 ALTER TABLE `saving_goals` ENABLE KEYS */;
UNLOCK TABLES;

--
-- Table structure for table `users`
--

DROP TABLE IF EXISTS `users`;
/*!40101 SET @saved_cs_client     = @@character_set_client */;
/*!50503 SET character_set_client = utf8mb4 */;
CREATE TABLE `users` (
  `user_id` bigint NOT NULL AUTO_INCREMENT,
  `username` varchar(255) NOT NULL,
  `password` varchar(255) NOT NULL,
  `fullname` varchar(255) NOT NULL,
  `created_date` datetime NOT NULL DEFAULT CURRENT_TIMESTAMP,
  PRIMARY KEY (`user_id`),
  UNIQUE KEY `username_UNIQUE` (`username`)
) ENGINE=InnoDB AUTO_INCREMENT=4 DEFAULT CHARSET=utf8mb4 COLLATE=utf8mb4_0900_ai_ci;
/*!40101 SET character_set_client = @saved_cs_client */;

--
-- Dumping data for table `users`
--

LOCK TABLES `users` WRITE;
/*!40000 ALTER TABLE `users` DISABLE KEYS */;
INSERT INTO `users` VALUES (1,'admin1','$2a$10$RiHFkEHMAxoJ85wXdvdcdOuEK1agOAS19fHDtIKBCIO6P7FGkfEFi','Gowri','2026-02-28 22:28:57'),(2,'user1','$2a$10$nH9zAkeFwZjKWLy4t1IupuLXdN1JENnRPiHnwPQzBwa63GxulM3oK','user1','2026-03-12 10:46:10'),(3,'user2','$2a$10$/WxAWZIuw/2kLKnTn4uAr.cy4788cO8xhbR1JUON21WUKCJb0kLVy','user2','2026-03-12 11:35:02');
/*!40000 ALTER TABLE `users` ENABLE KEYS */;
UNLOCK TABLES;
/*!40103 SET TIME_ZONE=@OLD_TIME_ZONE */;

/*!40101 SET SQL_MODE=@OLD_SQL_MODE */;
/*!40014 SET FOREIGN_KEY_CHECKS=@OLD_FOREIGN_KEY_CHECKS */;
/*!40014 SET UNIQUE_CHECKS=@OLD_UNIQUE_CHECKS */;
/*!40101 SET CHARACTER_SET_CLIENT=@OLD_CHARACTER_SET_CLIENT */;
/*!40101 SET CHARACTER_SET_RESULTS=@OLD_CHARACTER_SET_RESULTS */;
/*!40101 SET COLLATION_CONNECTION=@OLD_COLLATION_CONNECTION */;
/*!40111 SET SQL_NOTES=@OLD_SQL_NOTES */;

-- Dump completed on 2026-04-17 13:58:53
